[
    {
        "uname": "riti123",
        "Name": "riti",
        "Email": "riti@gmail.com",
        "PhoneNo": "018387476351",
        "password": "riti1234"
    },
    {
        "uname": "hh",
        "Name": "1",
        "Email": "rana.tabassum.10536@gmail.com",
        "PhoneNo": "01745749136",
        "password": "kkkkkk"
    },
    {
        "uname": "taba11",
        "Name": "tabassum",
        "Email": "taba@gmail.com",
        "Gender": "Female",
        "PhoneNo": "123",
        "password": "tabataba"
    }
]